{
  "energy": -16.426857460024696,
  "forces": [
    [
      4.787836793695988e-16,
      5.826502474937101e-16,
      1.2808145419433316e-15
    ],
    [
      -4.579669976578771e-16,
      -5.804818431487391e-16,
      -1.2732870313669764e-15
    ]
  ],
  "stresses": [
    -0.08163718532225087,
    -0.08163718532225084,
    -0.08163718534830182,
    1.3011060755730497e-17,
    2.2444079803635107e-17,
    -1.8215485058022697e-17
  ],
  "volume": 21.332292682904004
}