{
  "energy": -293.09879777836807,
  "forces": [
    [
      -0.0026680478884215895,
      4.596228575454083e-16,
      0.004299598527149784
    ],
    [
      -0.0021358606738482375,
      -3.898791012257874e-16,
      -0.0013620360219320227
    ],
    [
      0.0009929472147966467,
      3.0169009651581646e-15,
      0.0011866194601889285
    ],
    [
      -0.003699706192081968,
      -2.875736300296111e-15,
      0.0006680819659720394
    ],
    [
      -0.0025647596231483704,
      1.8824039276056027e-16,
      0.007172324564497332
    ],
    [
      -0.004283497227175836,
      3.1923271524355505e-15,
      0.0012959195273071528
    ],
    [
      -0.0011199823561291588,
      -3.9517000782751666e-15,
      -0.00044707434409661405
    ],
    [
      0.001138790559318703,
      3.7710719963390815e-15,
      0.0018370197071530042
    ],
    [
      0.0018926653806266647,
      -7.637561261851583e-15,
      -0.0018401826659407245
    ],
    [
      0.0012686798058628075,
      4.288012888138789e-15,
      0.0019532619312718704
    ],
    [
      0.0006287391502433721,
      -6.938893903907228e-18,
      0.0033883313843123706
    ],
    [
      0.0008720675776326464,
      -5.412337245047638e-16,
      -0.003722624077069878
    ],
    [
      0.0015671106202742834,
      1.358550563103249e-16,
      8.114441598262682e-05
    ],
    [
      0.0018137347773170133,
      9.3718435789647e-16,
      0.0036236162636668345
    ],
    [
      -0.00018450562950438672,
      -4.49293380277993e-16,
      0.00031518286985101826
    ],
    [
      0.0009622357626183423,
      -2.041925877129745e-15,
      0.0021317475198548656
    ],
    [
      0.0020471797429131976,
      3.4039310127436187e-15,
      -0.00012090881642275869
    ],
    [
      0.002986283768850087,
      -2.7641734387517936e-15,
      -0.004355783454842645
    ],
    [
      0.0009161167640019396,
      1.308848862624501e-15,
      8.022918732051524e-05
    ],
    [
      0.0029469885752562153,
      3.9065972678997696e-15,
      0.00392027669353736
    ],
    [
      0.001957184828797847,
      -4.1728773214622095e-15,
      -0.0014739277019727645
    ],
    [
      0.0008783262033926001,
      -2.835405521484091e-15,
      -0.004212044923639028
    ],
    [
      -0.00020827392874028794,
      3.574397722250211e-15,
      -0.001797160149603582
    ],
    [
      0.002279408196121588,
      -1.3183898417423734e-16,
      -0.003455918769761007
    ],
    [
      0.002610721410817,
      -5.273559366969494e-16,
      0.0014010771820481293
    ],
    [
      0.0021739084277646336,
      -1.0650491626696936e-15,
      0.0028802854926524616
    ],
    [
      0.0024674519749576527,
      4.799112496289837e-15,
      -0.004859120003587645
    ],
    [
      0.0007137151861213522,
      -7.216451954102103e-15,
      -0.0027200162604843967
    ],
    [
      0.0003222696400175891,
      3.833720270714071e-15,
      -0.0013306620385656162
    ],
    [
      -0.001811270732407055,
      1.045808255501206e-16,
      0.002465961801134245
    ],
    [
      -0.004735587848711347,
      5.078402975922103e-15,
      0.000514835360607032
    ],
    [
      -0.002639419111704156,
      -6.144824232778845e-15,
      -0.007549104201465949
    ],
    [
      -0.003943354342720442,
      -3.2722616087128233e-15,
      -0.002216133263419774
    ],
    [
      0.0009860989665941289,
      9.274048543006508e-15,
      -0.0009889240547173161
    ],
    [
      -0.0019998276932497432,
      -4.487295951483006e-15,
      0.0039319286838618295
    ],
    [
      -0.0024285312864537473,
      -6.323067069935462e-16,
      -0.000695821790847706
    ]
  ],
  "stresses": [
    0.0017471951088923166,
    0.0027216486575009228,
    0.0007439359863100432,
    1.6898453825830005e-17,
    -5.617507409317095e-06,
    -1.1203394801655252e-17
  ]
}