{
  "energy": -292.9483578064312,
  "forces": [
    [
      -0.26193329537136917,
      -2.4099645890007793e-15,
      0.4145244292124328
    ],
    [
      0.23203520436005692,
      3.396371725528091e-15,
      -0.3627771990701799
    ],
    [
      0.05176160851305283,
      -3.385312863368739e-15,
      -0.16896557774758666
    ],
    [
      -0.025803132261688785,
      3.273423199168235e-15,
      0.126994121981093
    ],
    [
      -0.002330787222486799,
      -1.485883307756119e-16,
      0.10603697975307333
    ],
    [
      0.0014675670208004173,
      2.5680247803007395e-16,
      0.007986177668868513
    ],
    [
      0.002171520052234482,
      -3.199643871559147e-17,
      -0.0028369266058868615
    ],
    [
      -0.0004208430302055572,
      1.4224732503009818e-16,
      -0.0012821131040362801
    ],
    [
      -4.0201308233544066e-10,
      -3.77866141154648e-15,
      -5.216199879128601e-08
    ],
    [
      -1.5699247457590104e-16,
      3.1764774186338917e-15,
      -4.058472308221539e-14
    ],
    [
      4.0201663525918363e-10,
      -7.147060721024445e-16,
      5.216201268490317e-08
    ],
    [
      -4.017614588285902e-05,
      2.9058727458298915e-16,
      -0.0005368030777653722
    ],
    [
      0.0002399474653990816,
      -8.826231717028331e-17,
      -0.00562999038949337
    ],
    [
      2.8026487719194464e-05,
      3.2317898357447916e-15,
      -0.006885484192836769
    ],
    [
      -0.0047137660120170205,
      -3.039235529911366e-15,
      -0.022728371796143575
    ],
    [
      -0.026696293221053193,
      2.5216761449482827e-16,
      -0.014332182247994164
    ],
    [
      0.03153793705441375,
      -8.820526774255821e-16,
      -0.09662603704844111
    ],
    [
      -0.18678556583553121,
      5.889928302027503e-16,
      -0.7003642578352043
    ],
    [
      0.3789640962931061,
      -3.1415842149939976e-15,
      -1.2584410963222657e-14
    ],
    [
      -0.18678556583552952,
      3.8022388281004216e-15,
      0.7003642578351758
    ],
    [
      0.03153793705441725,
      -5.428600277634921e-16,
      0.09662603704842726
    ],
    [
      -0.026696293221054917,
      7.090140106968956e-16,
      0.01433218224811403
    ],
    [
      -0.004713766012012217,
      -2.19225679276569e-16,
      0.022728371796121985
    ],
    [
      2.802648771193161e-05,
      -7.034303695085953e-16,
      0.0068854841927973994
    ],
    [
      0.00023994746540381695,
      -3.208387950448173e-15,
      0.0056299903895142
    ],
    [
      -4.0176145880106446e-05,
      3.7066703872934426e-15,
      0.0005368030777734584
    ],
    [
      4.020108768446051e-10,
      -3.178575536973389e-15,
      -5.216201737277652e-08
    ],
    [
      1.4883927423881005e-15,
      3.881443777498106e-15,
      -2.88783753854549e-14
    ],
    [
      -0.0004208469042041433,
      -1.966649244244201e-15,
      0.0012821854613621424
    ],
    [
      0.002171527574897248,
      7.684824998577255e-16,
      0.0028368850673258107
    ],
    [
      0.0014675593755667377,
      -1.1739846268835799e-15,
      -0.007986133223295742
    ],
    [
      -0.002330779387564947,
      1.582067810090848e-15,
      -0.10603702462410197
    ],
    [
      -0.02580314052263292,
      -7.042977312465837e-16,
      -0.1269940780947812
    ],
    [
      0.05176161520968065,
      2.252972114424878e-16,
      0.1689655372237085
    ],
    [
      0.2320351960406421,
      -3.526258066778726e-16,
      0.36277724510270626
    ],
    [
      -0.261933289728005,
      1.3792647789863966e-16,
      -0.4145244568386628
    ]
  ],
  "stresses": [
    0.003416542247101719,
    0.0036494126304342286,
    0.003428286074529068,
    -6.068505517563262e-18,
    -5.968673622689905e-06,
    -9.33616233471271e-18
  ]
}