{
  "material": "Al",
  "mp_id": "mp-134",
  "grace": {
    "K_Voigt": 76.36079144302317,
    "K_Reuss": 76.36079144302317,
    "K_VRH": 76.36079144302317,
    "G_Voigt": 34.98102718356907,
    "G_Reuss": 34.17604352151577,
    "G_VRH": 34.57853535254242,
    "youngs_modulus": 90.1309146162124,
    "poisson_ratio": 0.30327837337947655,
    "universal_anisotropy": 0.11777016575170762,
    "mechanically_stable": true,
    "stiffness_eigenvalues": [
      39.18169543986536,
      39.181695439865365,
      39.181695441577034,
      57.36004959455939,
      57.36004959851571,
      229.08237432906947
    ],
    "elastic_tensor_voigt": [
      [
        114.6008245055731,
        57.240774911013695,
        57.24077491075917,
        0.0,
        0.0,
        0.0
      ],
      [
        57.240774911013695,
        114.60082450557306,
        57.2407749107591,
        0.0,
        0.0,
        0.0
      ],
      [
        57.24077491075917,
        57.2407749107591,
        114.60082451099844,
        0.0,
        0.0,
        0.0
      ],
      [
        0.0,
        0.0,
        0.0,
        39.181695439865365,
        0.0,
        0.0
      ],
      [
        0.0,
        0.0,
        0.0,
        0.0,
        39.18169543986536,
        0.0
      ],
      [
        0.0,
        0.0,
        0.0,
        0.0,
        0.0,
        39.181695441577034
      ]
    ],
    "elastic_tensor_ieee": [
      [
        114.60082450738174,
        57.240774910843804,
        57.24077491084381,
        0.0,
        0.0,
        0.0
      ],
      [
        57.240774910843804,
        114.60082450738179,
        57.240774910843804,
        0.0,
        0.0,
        0.0
      ],
      [
        57.24077491084381,
        57.240774910843804,
        114.60082450738174,
        0.0,
        0.0,
        0.0
      ],
      [
        0.0,
        0.0,
        0.0,
        39.18169544043601,
        0.0,
        0.0
      ],
      [
        0.0,
        0.0,
        0.0,
        0.0,
        39.18169544043601,
        0.0
      ],
      [
        0.0,
        0.0,
        0.0,
        0.0,
        0.0,
        39.181695440436016
      ]
    ],
    "compliance_tensor_voigt": [
      [
        0.013077571777037462,
        -0.004356164892793634,
        -0.004356164892323578,
        0.0,
        0.0,
        0.0
      ],
      [
        -0.004356164892793634,
        0.013077571777037458,
        -0.004356164892323565,
        0.0,
        0.0,
        0.0
      ],
      [
        -0.004356164892323578,
        -0.004356164892323565,
        0.013077571776173887,
        0.0,
        0.0,
        0.0
      ],
      [
        0.0,
        0.0,
        0.0,
        0.02552212171458388,
        0.0,
        0.0
      ],
      [
        0.0,
        0.0,
        0.0,
        0.0,
        0.025522121714583883,
        0.0
      ],
      [
        0.0,
        0.0,
        0.0,
        0.0,
        0.0,
        0.025522121713468935
      ]
    ]
  },
  "grace_ok": true,
  "grace_seconds": 68.0,
  "mp": {
    "available": true,
    "mp_id": "mp-134",
    "state": "failed",
    "reliable": false,
    "n_warnings": 5,
    "warnings": [
      "Elastic tensor has negative eigenvalue(s), indicating that the structure is mechanically unstable.",
      "Negative modulus: voigt shear modulus is -18.471, indicating that the structure is mechanically unstable.",
      "Negative modulus: reuss shear modulus is -9.501, indicating that the structure is mechanically unstable.",
      "Negative modulus: vrh shear modulus is -13.986, indicating that the structure is mechanically unstable.",
      "Fitting elastic tensor resulted in unphysical modulus"
    ],
    "K_VRH": 76.871,
    "G_VRH": -13.986,
    "youngs_modulus": null,
    "poisson_ratio": 0.597,
    "universal_anisotropy": 4.721,
    "C11": 70.0,
    "C12": 80.0,
    "C44": -28.0,
    "elastic_tensor_ieee": [
      [
        70.0,
        80.0,
        80.0,
        -0.0,
        0.0,
        0.0
      ],
      [
        80.0,
        70.0,
        80.0,
        -0.0,
        0.0,
        0.0
      ],
      [
        80.0,
        80.0,
        70.0,
        -0.0,
        -0.0,
        0.0
      ],
      [
        -0.0,
        -0.0,
        -0.0,
        -28.0,
        -0.0,
        -0.0
      ],
      [
        0.0,
        0.0,
        -0.0,
        -0.0,
        -28.0,
        0.0
      ],
      [
        0.0,
        0.0,
        0.0,
        -0.0,
        0.0,
        -28.0
      ]
    ]
  }
}