{
  "material": "Cu",
  "mp_id": "mp-30",
  "grace": {
    "K_Voigt": 152.50072524712937,
    "K_Reuss": 152.50072524712937,
    "K_VRH": 152.50072524712937,
    "G_Voigt": 64.24794655991819,
    "G_Reuss": 48.340488348755784,
    "G_VRH": 56.29421745433699,
    "youngs_modulus": 150.37898654851213,
    "poisson_ratio": 0.3356521624134125,
    "universal_anisotropy": 1.645355555409055,
    "mechanically_stable": true,
    "stiffness_eigenvalues": [
      57.73881637666453,
      57.73881638105736,
      87.83363880557815,
      87.83363880757591,
      87.83363880757595,
      457.5021757413881
    ],
    "elastic_tensor_voigt": [
      [
        190.9932695012522,
        133.25445312019477,
        133.25445312116614,
        0.0,
        0.0,
        0.0
      ],
      [
        133.25445312019477,
        190.9932695012521,
        133.25445312116622,
        0.0,
        0.0,
        0.0
      ],
      [
        133.25445312116614,
        133.25445312116622,
        190.99326949660568,
        0.0,
        0.0,
        0.0
      ],
      [
        0.0,
        0.0,
        0.0,
        87.83363880757595,
        0.0,
        0.0
      ],
      [
        0.0,
        0.0,
        0.0,
        0.0,
        87.83363880757591,
        0.0
      ],
      [
        0.0,
        0.0,
        0.0,
        0.0,
        0.0,
        87.83363880557815
      ]
    ],
    "elastic_tensor_ieee": [
      [
        190.9932694997028,
        133.25445312084264,
        133.25445312084233,
        0.0,
        0.0,
        0.0
      ],
      [
        133.25445312084264,
        190.9932694997026,
        133.25445312084253,
        0.0,
        0.0,
        0.0
      ],
      [
        133.25445312084233,
        133.25445312084253,
        190.9932694997029,
        0.0,
        0.0,
        0.0
      ],
      [
        0.0,
        0.0,
        0.0,
        87.83363880690989,
        0.0,
        0.0
      ],
      [
        0.0,
        0.0,
        0.0,
        0.0,
        87.83363880690992,
        0.0
      ],
      [
        0.0,
        0.0,
        0.0,
        0.0,
        0.0,
        87.83363880690989
      ]
    ],
    "compliance_tensor_voigt": [
      [
        0.012274841526224305,
        -0.005044529785447982,
        -0.005044529786060436,
        0.0,
        0.0,
        0.0
      ],
      [
        -0.005044529785447982,
        0.012274841526224337,
        -0.005044529786060465,
        0.0,
        0.0,
        0.0
      ],
      [
        -0.005044529786060436,
        -0.005044529786060465,
        0.012274841526975914,
        0.0,
        0.0,
        0.0
      ],
      [
        0.0,
        0.0,
        0.0,
        0.011385159644709455,
        0.0,
        0.0
      ],
      [
        0.0,
        0.0,
        0.0,
        0.0,
        0.01138515964470946,
        0.0
      ],
      [
        0.0,
        0.0,
        0.0,
        0.0,
        0.0,
        0.011385159644968414
      ]
    ]
  },
  "grace_ok": true,
  "grace_seconds": 68.0,
  "mp": {
    "available": true,
    "mp_id": "mp-30",
    "state": "successful",
    "reliable": true,
    "n_warnings": 0,
    "warnings": [],
    "K_VRH": 151.394,
    "G_VRH": 49.843,
    "youngs_modulus": null,
    "poisson_ratio": 0.352,
    "universal_anisotropy": 1.573,
    "C11": 186.0,
    "C12": 134.0,
    "C44": 77.0,
    "elastic_tensor_ieee": [
      [
        186.0,
        134.0,
        134.0,
        -0.0,
        -0.0,
        0.0
      ],
      [
        134.0,
        186.0,
        134.0,
        -0.0,
        -0.0,
        0.0
      ],
      [
        134.0,
        134.0,
        186.0,
        -0.0,
        0.0,
        0.0
      ],
      [
        -0.0,
        -0.0,
        -0.0,
        77.0,
        0.0,
        -0.0
      ],
      [
        -0.0,
        -0.0,
        0.0,
        0.0,
        77.0,
        -0.0
      ],
      [
        0.0,
        0.0,
        0.0,
        -0.0,
        -0.0,
        77.0
      ]
    ]
  }
}