{
  "material": "Fe",
  "mp_id": "mp-13",
  "grace": {
    "K_Voigt": 134.89440866062583,
    "K_Reuss": 134.89440866062586,
    "K_VRH": 134.89440866062586,
    "G_Voigt": 73.0288936626283,
    "G_Reuss": 59.2315983052871,
    "G_VRH": 66.1302459839577,
    "youngs_modulus": 170.52486519569104,
    "poisson_ratio": 0.28931068271739113,
    "universal_anisotropy": 1.1646904483505756,
    "mechanically_stable": true,
    "stiffness_eigenvalues": [
      74.89749167915433,
      74.89749168282852,
      96.74899220740507,
      96.74899220740521,
      96.74899221733995,
      404.6832259818775
    ],
    "elastic_tensor_voigt": [
      [
        184.82606977502368,
        109.92857809219473,
        109.9285781043461,
        0.0,
        0.0,
        0.0
      ],
      [
        109.92857809219473,
        184.82606977502275,
        109.92857810434526,
        0.0,
        0.0,
        0.0
      ],
      [
        109.9285781043461,
        109.92857810434526,
        184.82606979381387,
        0.0,
        0.0,
        0.0
      ],
      [
        0.0,
        0.0,
        0.0,
        96.74899220740521,
        0.0,
        0.0
      ],
      [
        0.0,
        0.0,
        0.0,
        0.0,
        96.74899220740507,
        0.0
      ],
      [
        0.0,
        0.0,
        0.0,
        0.0,
        0.0,
        96.74899221733995
      ]
    ],
    "elastic_tensor_ieee": [
      [
        184.82606978128652,
        109.92857810029534,
        109.92857810029534,
        0.0,
        0.0,
        0.0
      ],
      [
        109.92857810029534,
        184.82606978128658,
        109.92857810029534,
        0.0,
        0.0,
        0.0
      ],
      [
        109.92857810029534,
        109.92857810029534,
        184.8260697812866,
        0.0,
        0.0,
        0.0
      ],
      [
        0.0,
        0.0,
        0.0,
        96.74899221071678,
        0.0,
        0.0
      ],
      [
        0.0,
        0.0,
        0.0,
        0.0,
        96.74899221071682,
        0.0
      ],
      [
        0.0,
        0.0,
        0.0,
        0.0,
        0.0,
        96.74899221071676
      ]
    ],
    "compliance_tensor_voigt": [
      [
        0.009724744173898885,
        -0.0036268378021002807,
        -0.0036268378027680803,
        0.0,
        0.0,
        0.0
      ],
      [
        -0.0036268378021002807,
        0.009724744173898882,
        -0.0036268378027680174,
        0.0,
        0.0,
        0.0
      ],
      [
        -0.00362683780276808,
        -0.0036268378027680174,
        0.009724744173545805,
        0.0,
        0.0,
        0.0
      ],
      [
        0.0,
        0.0,
        0.0,
        0.010336024977461828,
        0.0,
        0.0
      ],
      [
        0.0,
        0.0,
        0.0,
        0.0,
        0.010336024977461843,
        0.0
      ],
      [
        0.0,
        0.0,
        0.0,
        0.0,
        0.0,
        0.010336024976400467
      ]
    ]
  },
  "grace_ok": true,
  "grace_seconds": 68.0,
  "mp": {
    "available": true,
    "mp_id": "mp-13",
    "state": "successful",
    "reliable": true,
    "n_warnings": 0,
    "warnings": [],
    "K_VRH": 207.093,
    "G_VRH": 67.563,
    "youngs_modulus": null,
    "poisson_ratio": 0.353,
    "universal_anisotropy": 0.878,
    "C11": 274.0,
    "C12": 175.0,
    "C44": 89.0,
    "elastic_tensor_ieee": [
      [
        274.0,
        175.0,
        175.0,
        0.0,
        0.0,
        0.0
      ],
      [
        175.0,
        274.0,
        175.0,
        0.0,
        0.0,
        0.0
      ],
      [
        175.0,
        175.0,
        274.0,
        0.0,
        0.0,
        0.0
      ],
      [
        0.0,
        0.0,
        0.0,
        89.0,
        0.0,
        0.0
      ],
      [
        0.0,
        0.0,
        0.0,
        0.0,
        89.0,
        0.0
      ],
      [
        0.0,
        0.0,
        0.0,
        0.0,
        0.0,
        89.0
      ]
    ]
  }
}