{
  "material": "Ni",
  "mp_id": "mp-23",
  "grace": {
    "K_Voigt": 199.95587925134745,
    "K_Reuss": 199.95587925134745,
    "K_VRH": 199.95587925134745,
    "G_Voigt": 103.5603083730566,
    "G_Reuss": 87.23727393333161,
    "G_VRH": 95.39879115319411,
    "youngs_modulus": 246.92684033487134,
    "poisson_ratio": 0.2941822288835356,
    "universal_anisotropy": 0.9355539039539087,
    "mechanically_stable": true,
    "stiffness_eigenvalues": [
      114.24193778321785,
      114.24193778666624,
      134.51986802435016,
      134.5198680279954,
      134.5198680279954,
      599.8676377540423
    ],
    "elastic_tensor_voigt": [
      [
        276.11717110859945,
        161.8752333219336,
        161.8752333235832,
        0.0,
        0.0,
        0.0
      ],
      [
        161.8752333219336,
        276.1171711086002,
        161.8752333235835,
        0.0,
        0.0,
        0.0
      ],
      [
        161.8752333235832,
        161.8752333235835,
        276.11717110672674,
        0.0,
        0.0,
        0.0
      ],
      [
        0.0,
        0.0,
        0.0,
        134.5198680279954,
        0.0,
        0.0
      ],
      [
        0.0,
        0.0,
        0.0,
        0.0,
        134.5198680279954,
        0.0
      ],
      [
        0.0,
        0.0,
        0.0,
        0.0,
        0.0,
        134.51986802435016
      ]
    ],
    "elastic_tensor_ieee": [
      [
        276.11717110797525,
        161.87523332303337,
        161.87523332303343,
        0.0,
        0.0,
        0.0
      ],
      [
        161.87523332303337,
        276.1171711079754,
        161.87523332303343,
        0.0,
        0.0,
        0.0
      ],
      [
        161.87523332303343,
        161.87523332303343,
        276.11717110797514,
        0.0,
        0.0,
        0.0
      ],
      [
        0.0,
        0.0,
        0.0,
        134.5198680267797,
        0.0,
        0.0
      ],
      [
        0.0,
        0.0,
        0.0,
        0.0,
        134.5198680267797,
        0.0
      ],
      [
        0.0,
        0.0,
        0.0,
        0.0,
        0.0,
        134.5198680267797
      ]
    ],
    "compliance_tensor_voigt": [
      [
        0.006391246755294294,
        -0.002362106167232164,
        -0.0023621061673631868,
        0.0,
        0.0,
        0.0
      ],
      [
        -0.0023621061672321644,
        0.006391246755294279,
        -0.0023621061673631885,
        0.0,
        0.0,
        0.0
      ],
      [
        -0.0023621061673631868,
        -0.0023621061673631885,
        0.006391246755428569,
        0.0,
        0.0,
        0.0
      ],
      [
        0.0,
        0.0,
        0.0,
        0.007433846127412842,
        0.0,
        0.0
      ],
      [
        0.0,
        0.0,
        0.0,
        0.0,
        0.007433846127412842,
        0.0
      ],
      [
        0.0,
        0.0,
        0.0,
        0.0,
        0.0,
        0.007433846127614284
      ]
    ]
  },
  "grace_ok": true,
  "grace_seconds": 68.0,
  "mp": {
    "available": true,
    "mp_id": "mp-23",
    "state": "successful",
    "reliable": true,
    "n_warnings": 0,
    "warnings": [],
    "K_VRH": 173.808,
    "G_VRH": 91.592,
    "youngs_modulus": null,
    "poisson_ratio": 0.276,
    "universal_anisotropy": 0.837,
    "C11": 249.0,
    "C12": 136.0,
    "C44": 127.0,
    "elastic_tensor_ieee": [
      [
        249.0,
        136.0,
        136.0,
        -0.0,
        -0.0,
        0.0
      ],
      [
        136.0,
        249.0,
        136.0,
        -0.0,
        -0.0,
        0.0
      ],
      [
        136.0,
        136.0,
        249.0,
        -0.0,
        0.0,
        0.0
      ],
      [
        -0.0,
        -0.0,
        -0.0,
        127.0,
        0.0,
        -0.0
      ],
      [
        -0.0,
        0.0,
        0.0,
        0.0,
        127.0,
        -0.0
      ],
      [
        0.0,
        0.0,
        0.0,
        -0.0,
        -0.0,
        127.0
      ]
    ]
  }
}