{
  "material": "Si",
  "mp_id": "mp-149",
  "grace": {
    "K_Voigt": 92.72499340883583,
    "K_Reuss": 92.72499340883583,
    "K_VRH": 92.72499340883583,
    "G_Voigt": 78.32196856585078,
    "G_Reuss": 68.55864218191849,
    "G_VRH": 73.44030537388463,
    "youngs_modulus": 174.30347597368146,
    "poisson_ratio": 0.18670173746080143,
    "universal_anisotropy": 0.7120419886690268,
    "mechanically_stable": true,
    "stiffness_eigenvalues": [
      93.61442091445461,
      93.61442092016223,
      99.33180730316171,
      99.33180730439187,
      99.3318073043919,
      278.1749802265074
    ],
    "elastic_tensor_voigt": [
      [
        155.1346073527854,
        61.52018643262534,
        61.52018643828994,
        0.0,
        0.0,
        0.0
      ],
      [
        61.52018643262534,
        155.13460735278986,
        61.52018643828375,
        0.0,
        0.0,
        0.0
      ],
      [
        61.52018643828994,
        61.52018643828375,
        155.13460735554915,
        0.0,
        0.0,
        0.0
      ],
      [
        0.0,
        0.0,
        0.0,
        99.3318073043919,
        0.0,
        0.0
      ],
      [
        0.0,
        0.0,
        0.0,
        0.0,
        99.33180730439187,
        0.0
      ],
      [
        0.0,
        0.0,
        0.0,
        0.0,
        0.0,
        99.33180730316171
      ]
    ],
    "elastic_tensor_ieee": [
      [
        155.13460735370828,
        61.52018643639963,
        61.52018643639958,
        0.0,
        0.0,
        0.0
      ],
      [
        61.52018643639963,
        155.13460735370828,
        61.520186436399605,
        0.0,
        0.0,
        0.0
      ],
      [
        61.52018643639958,
        61.520186436399605,
        155.1346073537082,
        0.0,
        0.0,
        0.0
      ],
      [
        0.0,
        0.0,
        0.0,
        99.33180730398199,
        0.0,
        0.0
      ],
      [
        0.0,
        0.0,
        0.0,
        0.0,
        99.33180730398199,
        0.0
      ],
      [
        0.0,
        0.0,
        0.0,
        0.0,
        0.0,
        99.33180730398198
      ]
    ],
    "compliance_tensor_voigt": [
      [
        0.008319696465036035,
        -0.0023624184289167192,
        -0.0023624184293505107,
        0.0,
        0.0,
        0.0
      ],
      [
        -0.0023624184289167197,
        0.008319696465035439,
        -0.002362418429349849,
        0.0,
        0.0,
        0.0
      ],
      [
        -0.002362418429350511,
        -0.002362418429349849,
        0.008319696465145748,
        0.0,
        0.0,
        0.0
      ],
      [
        0.0,
        0.0,
        0.0,
        0.010067268754464568,
        0.0,
        0.0
      ],
      [
        0.0,
        0.0,
        0.0,
        0.0,
        0.010067268754464571,
        0.0
      ],
      [
        0.0,
        0.0,
        0.0,
        0.0,
        0.0,
        0.010067268754589248
      ]
    ]
  },
  "grace_ok": true,
  "grace_seconds": 68.0,
  "mp": {
    "available": true,
    "mp_id": "mp-149",
    "state": "successful",
    "reliable": true,
    "n_warnings": 0,
    "warnings": [],
    "K_VRH": 88.916,
    "G_VRH": 62.445,
    "youngs_modulus": null,
    "poisson_ratio": 0.215,
    "universal_anisotropy": 0.227,
    "C11": 153.0,
    "C12": 57.0,
    "C44": 74.0,
    "elastic_tensor_ieee": [
      [
        153.0,
        57.0,
        57.0,
        -0.0,
        -0.0,
        0.0
      ],
      [
        57.0,
        153.0,
        57.0,
        -0.0,
        -0.0,
        0.0
      ],
      [
        57.0,
        57.0,
        153.0,
        -0.0,
        0.0,
        0.0
      ],
      [
        -0.0,
        -0.0,
        -0.0,
        74.0,
        0.0,
        -0.0
      ],
      [
        -0.0,
        -0.0,
        0.0,
        0.0,
        74.0,
        -0.0
      ],
      [
        0.0,
        0.0,
        0.0,
        -0.0,
        -0.0,
        74.0
      ]
    ]
  }
}