{
  "material": "W",
  "mp_id": "mp-91",
  "grace": {
    "K_Voigt": 334.90216943871604,
    "K_Reuss": 334.9021694387161,
    "K_VRH": 334.9021694387161,
    "G_Voigt": 162.1903799737879,
    "G_Reuss": 162.18816449231116,
    "G_VRH": 162.18927223304954,
    "youngs_modulus": 418.93874356519916,
    "poisson_ratio": 0.2915118792913339,
    "universal_anisotropy": 6.829972716193566e-05,
    "mechanically_stable": true,
    "stiffness_eigenvalues": [
      162.6794525747867,
      162.6794525747869,
      162.6794525815717,
      322.913542133673,
      322.91354214191534,
      1004.7065083161481
    ],
    "elastic_tensor_voigt": [
      [
        550.1778642038807,
        227.26432207020594,
        227.26432205407502,
        0.0,
        0.0,
        0.0
      ],
      [
        227.26432207020594,
        550.1778642038769,
        227.26432205407312,
        0.0,
        0.0,
        0.0
      ],
      [
        227.26432205407502,
        227.26432205407312,
        550.1778641839788,
        0.0,
        0.0,
        0.0
      ],
      [
        0.0,
        0.0,
        0.0,
        162.6794525747867,
        0.0,
        0.0
      ],
      [
        0.0,
        0.0,
        0.0,
        0.0,
        162.6794525747869,
        0.0
      ],
      [
        0.0,
        0.0,
        0.0,
        0.0,
        0.0,
        162.6794525815717
      ]
    ],
    "elastic_tensor_ieee": [
      [
        550.177864197245,
        227.2643220594512,
        227.26432205945096,
        0.0,
        0.0,
        0.0
      ],
      [
        227.2643220594512,
        550.1778641972446,
        227.26432205945096,
        0.0,
        0.0,
        0.0
      ],
      [
        227.26432205945096,
        227.26432205945096,
        550.1778641972447,
        0.0,
        0.0,
        0.0
      ],
      [
        0.0,
        0.0,
        0.0,
        162.67945257704812,
        0.0,
        0.0
      ],
      [
        0.0,
        0.0,
        0.0,
        0.0,
        162.6794525770481,
        0.0
      ],
      [
        0.0,
        0.0,
        0.0,
        0.0,
        0.0,
        162.67945257704812
      ]
    ],
    "compliance_tensor_voigt": [
      [
        0.0023963079517695897,
        -0.0007004962063726519,
        -0.0007004962062961107,
        0.0,
        0.0,
        0.0
      ],
      [
        -0.0007004962063726519,
        0.002396307951769602,
        -0.0007004962062961051,
        0.0,
        0.0,
        0.0
      ],
      [
        -0.0007004962062961108,
        -0.000700496206296105,
        0.0023963079518041124,
        0.0,
        0.0,
        0.0
      ],
      [
        0.0,
        0.0,
        0.0,
        0.006147057813218801,
        0.0,
        0.0
      ],
      [
        0.0,
        0.0,
        0.0,
        0.0,
        0.0061470578132187936,
        0.0
      ],
      [
        0.0,
        0.0,
        0.0,
        0.0,
        0.0,
        0.006147057812962421
      ]
    ]
  },
  "grace_ok": true,
  "grace_seconds": 68.0,
  "mp": {
    "available": true,
    "mp_id": "mp-91",
    "state": "successful",
    "reliable": true,
    "n_warnings": 0,
    "warnings": [],
    "K_VRH": 302.264,
    "G_VRH": 148.152,
    "youngs_modulus": null,
    "poisson_ratio": 0.289,
    "universal_anisotropy": 0.035,
    "C11": 521.0,
    "C12": 193.0,
    "C44": 138.0,
    "elastic_tensor_ieee": [
      [
        521.0,
        193.0,
        193.0,
        0.0,
        0.0,
        -0.0
      ],
      [
        193.0,
        521.0,
        193.0,
        0.0,
        -0.0,
        -0.0
      ],
      [
        193.0,
        193.0,
        521.0,
        0.0,
        -0.0,
        -0.0
      ],
      [
        0.0,
        0.0,
        0.0,
        138.0,
        -0.0,
        -0.0
      ],
      [
        0.0,
        0.0,
        -0.0,
        -0.0,
        138.0,
        0.0
      ],
      [
        -0.0,
        -0.0,
        -0.0,
        -0.0,
        0.0,
        138.0
      ]
    ]
  }
}