{
  "energy": -16.47457531882148,
  "forces": [
    [
      -9.454242944073601e-17,
      9.71445146547012e-17,
      -5.659535340374333e-17
    ],
    [
      9.432558900623889e-17,
      -1.1839487723541708e-16,
      7.979727989493313e-17
    ]
  ],
  "stresses": [
    0.002118613347254797,
    0.0021186133472546466,
    0.0021186133297436604,
    -1.4695087553768997e-17,
    -1.4695087553768997e-17,
    -3.0614765737018744e-18
  ],
  "volume": 22.665187000000007
}