{
  "energy": -16.466905258381157,
  "forces": [
    [
      1.5829351718288365e-17,
      -6.938893903907228e-18,
      9.90960785651751e-17
    ],
    [
      3.63207727782644e-18,
      4.575333167888829e-17,
      -9.020562075079397e-17
    ]
  ],
  "stresses": [
    0.025033867988989725,
    0.025033867988989673,
    0.02503386797329303,
    1.9130632026815674e-17,
    -2.4511122284357582e-17,
    -2.989161254189949e-19
  ],
  "volume": 23.21351480847975
}