{
  "energy": -16.459247173238246,
  "forces": [
    [
      2.3856088751535347e-15,
      2.336672522140759e-15,
      2.275957200481571e-15
    ],
    [
      -2.317373723470517e-15,
      -2.302863889001791e-15,
      -2.2541870346390435e-15
    ]
  ],
  "stresses": [
    -0.04275645716262719,
    -0.04275645716262698,
    -0.04275645718442207,
    1.0665946088882515e-16,
    1.0253275555681703e-16,
    1.0983384960575447e-16
  ],
  "volume": 21.858992463340865
}